<?xml version="1.0" encoding="utf-8"?>
<odoo>
    <data noupdate="0">

        <!-- product code types -->
        <record id="cr_electronic_invoice.CodeTypeProduct_01" model="code.type.product">
            <field name="code">01</field>
            <field name="name">Cédula</field>
        </record>

        <record id="cr_electronic_invoice.CodeTypeProduct_02" model="code.type.product">
            <field name="code">02</field>
            <field name="name">Código del producto del comprador</field>
        </record>

        <record id="cr_electronic_invoice.CodeTypeProduct_03" model="code.type.product">
            <field name="code">03</field>
            <field name="name">CédCódigo del producto asignado por la industria</field>
        </record>

        <record id="cr_electronic_invoice.CodeTypeProduct_04" model="code.type.product">
            <field name="code">04</field>
            <field name="name">Código uso interno</field>
        </record>

        <record id="cr_electronic_invoice.CodeTypeProduct_99" model="code.type.product">
            <field name="code">99</field>
            <field name="name">Otros</field>
        </record>

    </data>
</odoo>
