<?xml version="1.0" encoding="utf-8"?>
<odoo>
    <data noupdate="0">

        <!-- identification types -->
        <record id="cr_electronic_invoice.Identificationtype_01" model="identification.type">
            <field name="code">01</field>
            <field name="name">Cédula física</field>
            <field name="notes">Se agrega tres ceros antes de iniciar con el número de cédula para completar 12 dígitos</field>
        </record>

        <record id="cr_electronic_invoice.Identificationtype_02" model="identification.type">
            <field name="code">02</field>
            <field name="name">Cédula jurídica</field>
            <field name="notes">Se debe agregar dos ceros antes de iniciar con el número de cédula para completar 12 dígitos</field>
        </record>

        <record id="cr_electronic_invoice.Identificationtype_03" model="identification.type">
            <field name="code">03</field>
            <field name="name">DIMEX</field>
            <field name="notes">En aquellos casos donde la cédula se encuentre compuesta de 11 dígitos se debe agregar un cero al inicio para completar 12 dígitos</field>
        </record>

        <record id="cr_electronic_invoice.Identificationtype_04" model="identification.type">
            <field name="code">04</field>
            <field name="name">NITE</field>
            <field name="notes">Se debe agregar dos ceros antes de iniciar con el número de identificación para completar 12 dígitos</field>
        </record>

        <record id="cr_electronic_invoice.Identificationtype_05" model="identification.type">
            <field name="code">05</field>
            <field name="name">Extranjero</field>
            <field name="notes">Número de identificación en caso de que el receptor sea un extranjero. Máximo 20 caracteres</field>
        </record>

    </data>
</odoo>
