<?xml version="1.0" ?>
<odoo>

    <!-- Mail template are declared in a NOUPDATE block
         so users can freely customize/delete them -->
    <data noupdate="1">
        <!--Email template -->
        <record id="email_template_invoice_vendor" model="mail.template">
            <field name="name">Invoicing: Vendor Invoice email</field>
            <field name="email_from">${(object.user_id.email and '&quot;%s&quot; &lt;%s&gt;' % (object.user_id.name, object.user_id.email) or '')|safe}</field>
            <field name="subject">${object.company_id.name} Invoice (Ref ${object.number or 'n/a'})</field>
            <field name="partner_to">${object.partner_id.id}, ${object.company_id.id}</field>
            <field name="model_id" ref="account.model_account_invoice" />
            <field name="auto_delete" eval="True" />
            <field name="lang">${object.partner_id.lang}</field>
            <field name="body_html" type="html">
                <div>
                    <p>
                        Dear ${object.partner_id.name}
                        % set access_action = object.with_context(force_website=True).get_access_action()
                        % set is_online = access_action and access_action['type'] == 'ir.actions.act_url'
                        % set access_url = object.get_mail_url()

                        % if object.partner_id.parent_id:
                        (<i>${object.partner_id.parent_id.name}</i>)
                        % endif
                        ,
                    </p>
                    <p>
                        ${object.company_id.name} has accepted in "Ministerio de Hacienda" your
                        % if object.number:
                        invoice <strong>${object.number}</strong>
                        % else:
                        invoice
                        % endif
                        % if object.origin:
                        (with reference: ${object.origin})
                        % endif
                        amounting in <strong>${format_amount(object.amount_total, object.currency_id)}</strong>
                        from ${object.company_id.name}.
                    </p>

                    <br />
                    <strong>Electronic number: </strong> ${object.number_electronic}
                    <br />
                    <strong>Confirmation date: </strong> ${object.date_issuance}
                    <br />
                    <strong>Confirmation Message: </strong> ${object.state_invoice_partner}
                    <br />
                    <strong>"Hacienda" status: </strong> ${object.state_send_invoice}

                    <br /><br />
                    <strong>Issuing company </strong>
                    <br />
                    <strong>Name: </strong>${object.partner_id.name}
                    <br />
                    <strong>Id: </strong>${object.partner_id.vat}

                    <br /><br />
                    <strong>Receiving company </strong>
                    <br />
                    <strong>Name: </strong>${object.company_id.name}
                    <br />
                    <strong>Id: </strong>${object.company_id.vat}
                    <br /><br />
                    Attached you'll find the XMLs with the message sent to "Hacienda" and its response for your backup
                    <br /><br />
                    <p>Thank you,</p>
                    <p style="color:#888888">
                        % if object.user_id and object.user_id.signature:
                        ${object.user_id.signature | safe}
                        % endif
                    </p>
                </div>
            </field>
        </record>
        <record id="email_template_client_exoneration_expired" model="mail.template">
            <field name="name">Exoneration Expired</field>
            <field name="email_from">${(user.email or '')|safe}</field>
            <field name="subject">${user.company_id.commercial_name}: VAT exoneration expired</field>
            <field name="email_to">${object.email|safe}</field>
            <field name="lang">${object.lang}</field>
            <field name="model_id" ref="base.model_res_partner"/>
            <field name="auto_delete" eval="True"/>
            <field name="body_html">
			<![CDATA[
				<div style="font-family: 'Lucica Grande', Ubuntu, Arial, Verdana, sans-serif; font-size: 12px; color: rgb(34, 34, 34); background-color: rgb(255, 255, 255); ">
					<p>Dear ${object.name},</p>
					<p>
					We realized that your VAT exoneration number ${object.exoneration_number} is expired. Please update this information as soon as possible or we'll have to create new invoices including this tax.
					</p>
					<br/>
					<p>
					Thanks for all your help.
					</p>
					<br/>
					Best Regards,

					<br/>
					<br/>
					${user.name}

					<br/>
					<br/>
					${object.get_followup_table_html() | safe}
					<br/>
				</div>
            ]]>
			</field>
        </record>
    </data>
</odoo>
